latent,steering_value,position,position_len,position_category,token_position,top1_id,top1_token,top1_logit,top1_prob,top1_is_target_group,top1_is_wt_group,target_group_prob,target_group_best_rank,delta_target_group_prob,wt_group_prob,wt_group_best_rank,delta_wt_group_prob,target_first_id,target_first_logit,target_first_prob,baseline_target_group_prob,baseline_wt_group_prob,top5_ids,top5_tokens,top5_logits,top5_probs,error
5561,20.0,[568],1,masked,568,2782,CCGTCA,20.951919555664062,0.7869455218315125,False,True,0.0639432966709137,2.0,-0.0027163997292518,0.7869455218315125,1.0,0.0051578879356384,2785,18.44175720214844,0.0639432966709137,0.0666596964001655,0.781787633895874,2782|2785|2526|3038|2529,CCGTCA|CCGTCG|CTGTCA|CGGTCA|CTGTCG,20.951920|18.441757|18.329487|17.781755|16.401871,0.786946|0.063943|0.057153|0.033049|0.008315,
5561,20.0,[567],1,nearby,568,2782,CCGTCA,20.86621856689453,0.7552566528320312,False,True,0.0456756465137004,4.0,-0.020984049886465,0.7552566528320312,1.0,-0.0265309810638427,2785,18.060726165771484,0.0456756465137004,0.0666596964001655,0.781787633895874,2782|3038|2526|2785|2529,CCGTCA|CGGTCA|CTGTCA|CCGTCG|CTGTCG,20.866219|18.497444|18.455730|18.060726|16.438963,0.755257|0.070689|0.067800|0.045676|0.009023,
5561,20.0,"[568, 567]",2,nearby,568,2782,CCGTCA,20.617101669311523,0.7561574578285217,False,True,0.0375301428139209,4.0,-0.0291295535862445,0.7561574578285217,1.0,-0.0256301760673522,2785,17.613996505737305,0.0375301428139209,0.0666596964001655,0.781787633895874,2782|2526|3038|2785|2270,CCGTCA|CTGTCA|CGGTCA|CCGTCG|CAGTCA,20.617102|18.540998|17.819298|17.613997|16.244068,0.756157|0.094836|0.046083|0.037530|0.009537,
5561,20.0,[468],1,far,568,2782,CCGTCA,21.132078170776367,0.782279908657074,False,True,0.0786813646554946,2.0,0.0120216682553291,0.782279908657074,1.0,0.0004922747611999,2785,18.83527183532715,0.0786813646554946,0.0666596964001655,0.781787633895874,2782|2785|3038|2526|3041,CCGTCA|CCGTCG|CGGTCA|CTGTCA|CGGTCG,21.132078|18.835272|18.302450|18.041861|16.588060,0.782280|0.078681|0.046182|0.035588|0.008316,
4837,20.0,[568],1,masked,568,2782,CCGTCA,20.45014762878418,0.7797030806541443,False,True,0.0597375445067882,2.0,-0.0069221518933773,0.7797030806541443,1.0,-0.0020845532417297,2785,17.881195068359375,0.0597375445067882,0.0666596964001655,0.781787633895874,2782|2785|2526|3038|2783,CCGTCA|CCGTCG|CTGTCA|CGGTCA|CCGTCT,20.450148|17.881195|17.717548|17.552935|16.210150,0.779703|0.059738|0.050720|0.043022|0.011234,
4837,20.0,[567],1,nearby,568,2782,CCGTCA,21.23055458068848,0.8147801160812378,False,True,0.0583845973014831,2.0,-0.0082750990986824,0.8147801160812378,1.0,0.0329924821853637,2785,18.594688415527344,0.0583845973014831,0.0666596964001655,0.781787633895874,2782|2785|3038|2526|2783,CCGTCA|CCGTCG|CGGTCA|CTGTCA|CCGTCT,21.230555|18.594688|18.363459|17.920769|16.353962,0.814780|0.058385|0.046332|0.029759|0.006211,
4837,20.0,"[568, 567]",2,nearby,568,2782,CCGTCA,20.559650421142575,0.8189741969108582,False,True,0.0553193874657154,2.0,-0.0113403089344501,0.8189741969108582,1.0,0.0371865630149841,2785,17.864721298217773,0.0553193874657154,0.0666596964001655,0.781787633895874,2782|2785|3038|2526|2783,CCGTCA|CCGTCG|CGGTCA|CTGTCA|CCGTCT,20.559650|17.864721|17.405485|17.281052|16.244627,0.818974|0.055319|0.034949|0.030860|0.010947,
4837,20.0,[468],1,far,568,2782,CCGTCA,21.13853645324707,0.7790648341178894,False,True,0.0773318856954574,2.0,0.0106721892952919,0.7790648341178894,1.0,-0.0027227997779846,2785,18.828548431396484,0.0773318856954574,0.0666596964001655,0.781787633895874,2782|2785|3038|2526|3041,CCGTCA|CCGTCG|CGGTCA|CTGTCA|CGGTCG,21.138536|18.828548|18.420452|18.023003|16.700298,0.779065|0.077332|0.051419|0.034555|0.009206,
628,20.0,[568],1,masked,568,2782,CCGTCA,20.652910232543945,0.7637916207313538,False,True,0.034257311373949,4.0,-0.0324023850262165,0.7637916207313538,1.0,-0.0179960131645202,2785,17.54851531982422,0.034257311373949,0.0666596964001655,0.781787633895874,2782|2526|3038|2785|2529,CCGTCA|CTGTCA|CGGTCA|CCGTCG|CTGTCG,20.652910|18.483820|17.973986|17.548515|16.246944,0.763792|0.087287|0.052424|0.034257|0.009322,
628,20.0,[567],1,nearby,568,2782,CCGTCA,21.41109085083008,0.8627870678901672,False,True,0.0318460240960121,3.0,-0.0348136723041534,0.8627870678901672,1.0,0.0809994339942932,2785,18.111835479736328,0.0318460240960121,0.0666596964001655,0.781787633895874,2782|2526|2785|3038|2783,CCGTCA|CTGTCA|CCGTCG|CGGTCA|CCGTCT,21.411091|18.361250|18.111835|17.886333|16.171114,0.862787|0.040867|0.031846|0.025417|0.004573,
628,20.0,"[568, 567]",2,nearby,568,2782,CCGTCA,20.811294555664062,0.8195539712905884,False,True,0.016075050458312,4.0,-0.0505846459418535,0.8195539712905884,1.0,0.0377663373947143,2785,16.879802703857422,0.016075050458312,0.0666596964001655,0.781787633895874,2782|2526|3038|2785|2270,CCGTCA|CTGTCA|CGGTCA|CCGTCG|CAGTCA,20.811295|18.574299|17.537992|16.879803|15.901617,0.819554|0.087511|0.031046|0.016075|0.006044,
628,20.0,[468],1,far,568,2782,CCGTCA,21.045623779296875,0.7686077952384949,False,True,0.0755276754498481,2.0,0.0088679790496826,0.7686077952384949,1.0,-0.0131798386573791,2785,18.725542068481445,0.0755276754498481,0.0666596964001655,0.781787633895874,2782|2785|3038|2526|3041,CCGTCA|CCGTCG|CGGTCA|CTGTCA|CGGTCG,21.045624|18.725542|18.342310|18.181122|16.631741,0.768608|0.075528|0.051484|0.043819|0.009306,
4903,20.0,[568],1,masked,568,2782,CCGTCA,21.53526306152344,0.8613359928131104,False,True,0.0375749580562114,2.0,-0.029084738343954,0.8613359928131104,1.0,0.0795483589172363,2785,18.40311622619629,0.0375749580562114,0.0666596964001655,0.781787633895874,2782|2785|2526|3038|2783,CCGTCA|CCGTCG|CTGTCA|CGGTCA|CCGTCT,21.535263|18.403116|18.292957|18.093594|16.303253,0.861336|0.037575|0.033656|0.027572|0.004602,
4903,20.0,[567],1,nearby,568,2782,CCGTCA,21.390756607055664,0.8288618922233582,False,True,0.0697458982467651,2.0,0.0030862018465995,0.8288618922233582,1.0,0.0470742583274841,2785,18.91556167602539,0.0697458982467651,0.0666596964001655,0.781787633895874,2782|2785|3038|2526|2783,CCGTCA|CCGTCG|CGGTCA|CTGTCA|CCGTCT,21.390757|18.915562|18.151346|17.780277|16.476767,0.828862|0.069746|0.032481|0.022411|0.006086,
4903,20.0,"[568, 567]",2,nearby,568,2782,CCGTCA,21.69037628173828,0.887782871723175,False,True,0.0387663692235946,2.0,-0.0278933271765708,0.887782871723175,1.0,0.105995237827301,2785,18.559202194213867,0.0387663692235946,0.0666596964001655,0.781787633895874,2782|2785|3038|2526|2783,CCGTCA|CCGTCG|CGGTCA|CTGTCA|CCGTCT,21.690376|18.559202|17.866480|17.826210|16.347158,0.887783|0.038766|0.019391|0.018626|0.004244,
4903,20.0,[468],1,far,568,2782,CCGTCA,21.078235626220703,0.7692205905914307,False,True,0.0809834524989128,2.0,0.0143237560987472,0.7692205905914307,1.0,-0.0125670433044433,2785,18.82710266113281,0.0809834524989128,0.0666596964001655,0.781787633895874,2782|2785|3038|2526|3041,CCGTCA|CCGTCG|CGGTCA|CTGTCA|CGGTCG,21.078236|18.827103|18.411026|18.024498|16.739037,0.769221|0.080983|0.053419|0.036294|0.010036,
3104,20.0,[568],1,masked,568,2782,CCGTCA,20.746337890625,0.7499489784240723,False,True,0.0141288200393319,4.0,-0.0525308763608336,0.7499489784240723,1.0,-0.0318386554718017,2785,16.77454948425293,0.0141288200393319,0.0666596964001655,0.781787633895874,2782|2526|3038|2785|2270,CCGTCA|CTGTCA|CGGTCA|CCGTCG|CAGTCA,20.746338|18.705658|18.580957|16.774549|16.207956,0.749949|0.097449|0.086024|0.014129|0.008017,
3104,20.0,[567],1,nearby,568,2782,CCGTCA,21.201738357543945,0.8127751350402832,False,True,0.0501452796161174,3.0,-0.016514416784048,0.8127751350402832,1.0,0.0309875011444091,2785,18.416208267211918,0.0501452796161174,0.0666596964001655,0.781787633895874,2782|2526|2785|3038|2529,CCGTCA|CTGTCA|CCGTCG|CGGTCA|CTGTCG,21.201738|18.669874|18.416208|17.584858|16.700169,0.812775|0.064624|0.050145|0.021836|0.009015,
3104,20.0,"[568, 567]",2,nearby,568,2782,CCGTCA,20.690832138061523,0.7463024854660034,False,True,0.0116009563207626,4.0,-0.0550587400794029,0.7463024854660034,1.0,-0.0354851484298706,2785,16.52678871154785,0.0116009563207626,0.0666596964001655,0.781787633895874,2782|2526|3038|2785|2270,CCGTCA|CTGTCA|CGGTCA|CCGTCG|CAGTCA,20.690832|19.127737|17.669064|16.526789|15.958075,0.746302|0.156340|0.036356|0.011601|0.006569,
3104,20.0,[468],1,far,568,2782,CCGTCA,21.092639923095703,0.7778478264808655,False,True,0.0672391951084137,2.0,0.0005794987082481,0.7778478264808655,1.0,-0.0039398074150085,2785,18.644365310668945,0.0672391951084137,0.0666596964001655,0.781787633895874,2782|2785|3038|2526|3041,CCGTCA|CCGTCG|CGGTCA|CTGTCA|CGGTCG,21.092640|18.644365|18.481133|18.124016|16.644337,0.777848|0.067239|0.057113|0.039961|0.009100,
3322,20.0,[568],1,masked,568,2782,CCGTCA,20.38578224182129,0.6955311894416809,False,True,0.1091276407241821,2.0,0.0424679443240165,0.6955311894416809,1.0,-0.0862564444541931,2785,18.53362464904785,0.1091276407241821,0.0666596964001655,0.781787633895874,2782|2785|2526|3038|2529,CCGTCA|CCGTCG|CTGTCA|CGGTCA|CTGTCG,20.385782|18.533625|18.219019|17.285164|17.039040,0.695531|0.109128|0.079672|0.031314|0.024482,
3322,20.0,[567],1,nearby,568,2782,CCGTCA,21.463851928710938,0.8356828093528748,False,True,0.0657855346798896,2.0,-0.0008741617202758,0.8356828093528748,1.0,0.0538951754570007,2785,18.9220027923584,0.0657855346798896,0.0666596964001655,0.781787633895874,2782|2785|2526|3038|2783,CCGTCA|CCGTCG|CTGTCA|CGGTCA|CCGTCT,21.463852|18.922003|18.117460|17.927685|16.584465,0.835683|0.065786|0.029425|0.024339|0.006353,
3322,20.0,"[568, 567]",2,nearby,568,2782,CCGTCA,20.79127693176269,0.7644580006599426,False,True,0.1074109151959419,2.0,0.0407512187957763,0.7644580006599426,1.0,-0.0173296332359313,2785,18.828771591186523,0.1074109151959419,0.0666596964001655,0.781787633895874,2782|2785|2526|3038|2529,CCGTCA|CCGTCG|CTGTCA|CGGTCA|CTGTCG,20.791277|18.828772|18.072475|16.812883|16.752951,0.764458|0.107411|0.050419|0.014307|0.013475,
3322,20.0,[468],1,far,568,2782,CCGTCA,21.08906936645508,0.772857666015625,False,True,0.0766673162579536,2.0,0.010007619857788,0.772857666015625,1.0,-0.008929967880249,2785,18.77845001220703,0.0766673162579536,0.0666596964001655,0.781787633895874,2782|2785|3038|2526|3041,CCGTCA|CCGTCG|CGGTCA|CTGTCA|CGGTCG,21.089069|18.778450|18.380569|18.117159|16.648100,0.772858|0.076667|0.051501|0.039574|0.009108,
1271,20.0,[568],1,masked,568,2782,CCGTCA,21.26684188842773,0.8282739520072937,False,True,0.0671473145484924,2.0,0.0004876181483268,0.8282739520072937,1.0,0.0464863181114196,2785,18.75438690185547,0.0671473145484924,0.0666596964001655,0.781787633895874,2782|2785|2526|3038|2783,CCGTCA|CCGTCG|CTGTCA|CGGTCA|CCGTCT,21.266842|18.754387|17.859066|17.722439|16.934958,0.828274|0.067147|0.027428|0.023925|0.010886,
1271,20.0,[567],1,nearby,568,2782,CCGTCA,21.11971092224121,0.7083654403686523,False,True,0.171751394867897,2.0,0.1050916984677314,0.7083654403686523,1.0,-0.0734221935272216,2785,19.70279884338379,0.171751394867897,0.0666596964001655,0.781787633895874,2782|2785|3038|2526|2529,CCGTCA|CCGTCG|CGGTCA|CTGTCA|CTGTCG,21.119711|19.702799|17.799147|17.779343|17.093996,0.708365|0.171751|0.025595|0.025093|0.012645,
1271,20.0,"[568, 567]",2,nearby,568,2782,CCGTCA,21.096195220947266,0.7563415169715881,False,True,0.1437228322029113,2.0,0.0770631358027458,0.7563415169715881,1.0,-0.0254461169242858,2785,19.43558883666992,0.1437228322029113,0.0666596964001655,0.781787633895874,2782|2785|2526|3038|2783,CCGTCA|CCGTCG|CTGTCA|CGGTCA|CCGTCT,21.096195|19.435589|17.482454|17.139660|16.886198,0.756342|0.143723|0.020384|0.014468|0.011229,
1271,20.0,[468],1,far,568,2782,CCGTCA,21.165307998657227,0.7845095992088318,False,True,0.0742552950978279,2.0,0.0075955986976623,0.7845095992088318,1.0,0.0027219653129577,2785,18.807758331298828,0.0742552950978279,0.0666596964001655,0.781787633895874,2782|2785|3038|2526|3041,CCGTCA|CCGTCG|CGGTCA|CTGTCA|CGGTCG,21.165308|18.807758|18.406216|18.062117|16.635695,0.784510|0.074255|0.049698|0.035229|0.008461,
4420,20.0,[568],1,masked,568,2782,CCGTCA,19.59099769592285,0.4524632394313812,False,True,0.3258311450481415,2.0,0.2591714486479759,0.4524632394313812,1.0,-0.3293243944644928,2785,19.262670516967773,0.3258311450481415,0.0666596964001655,0.781787633895874,2782|2785|3041|3038|2529,CCGTCA|CCGTCG|CGGTCG|CGGTCA|CTGTCG,19.590998|19.262671|17.399414|17.154694|16.997055,0.452463|0.325831|0.050558|0.039583|0.033810,
4420,20.0,[567],1,nearby,568,2782,CCGTCA,20.202049255371094,0.6233852505683899,False,True,0.0920654982328414,3.0,0.0254058018326759,0.6233852505683899,1.0,-0.1584023833274841,2785,18.289384841918945,0.0920654982328414,0.0666596964001655,0.781787633895874,2782|3038|2785|2526|3041,CCGTCA|CGGTCA|CCGTCG|CTGTCA|CGGTCG,20.202049|18.395252|18.289385|18.091551|17.153904,0.623385|0.102347|0.092065|0.075540|0.029578,
4420,20.0,"[568, 567]",2,nearby,568,2785,CCGTCG,18.55057144165039,0.2987036406993866,True,False,0.2987036406993866,1.0,0.232043944299221,0.2702822387218475,2.0,-0.5115053951740265,2785,18.55057144165039,0.2987036406993866,0.0666596964001655,0.781787633895874,2785|2782|3041|2529|3038,CCGTCG|CCGTCA|CGGTCG|CTGTCG|CGGTCA,18.550571|18.450586|17.780970|17.383860|17.058556,0.298704|0.270282|0.138359|0.093013|0.067184,
4420,20.0,[468],1,far,568,2782,CCGTCA,21.08005714416504,0.7708084583282471,False,True,0.0780672430992126,2.0,0.011407546699047,0.7708084583282471,1.0,-0.0109791755676269,2785,18.79018783569336,0.0780672430992126,0.0666596964001655,0.781787633895874,2782|2785|3038|2526|3041,CCGTCA|CCGTCG|CGGTCA|CTGTCA|CGGTCG,21.080057|18.790188|18.400335|18.075300|16.706440,0.770808|0.078067|0.052864|0.038194|0.009716,
4067,20.0,[568],1,masked,568,2782,CCGTCA,20.69438934326172,0.694169282913208,False,True,0.1426389217376709,2.0,0.0759792253375053,0.694169282913208,1.0,-0.087618350982666,2785,19.111989974975582,0.1426389217376709,0.0666596964001655,0.781787633895874,2782|2785|2526|3038|2529,CCGTCA|CCGTCG|CTGTCA|CGGTCA|CTGTCG,20.694389|19.111990|17.987959|17.662277|17.180779,0.694169|0.142639|0.046353|0.033468|0.020679,
4067,20.0,[567],1,nearby,568,2782,CCGTCA,20.851543426513672,0.6633812189102173,False,True,0.1981804370880127,2.0,0.1315207406878471,0.6633812189102173,1.0,-0.1184064149856567,2785,19.64337158203125,0.1981804370880127,0.0666596964001655,0.781787633895874,2782|2785|3038|2526|2529,CCGTCA|CCGTCG|CGGTCA|CTGTCA|CTGTCG,20.851543|19.643372|17.761030|17.683056|17.184984,0.663381|0.198180|0.030170|0.027907|0.016959,
4067,20.0,"[568, 567]",2,nearby,568,2782,CCGTCA,20.158933639526367,0.491115540266037,False,True,0.3289141058921814,2.0,0.2622544094920158,0.491115540266037,1.0,-0.290672093629837,2785,19.7580509185791,0.3289141058921814,0.0666596964001655,0.781787633895874,2782|2785|2529|2526|3041,CCGTCA|CCGTCG|CTGTCG|CTGTCA|CGGTCG,20.158934|19.758051|17.786047|17.436052|17.163357,0.491116|0.328914|0.045778|0.032259|0.024560,
4067,20.0,[468],1,far,568,2782,CCGTCA,21.167802810668945,0.7861244082450867,False,True,0.0698128417134285,2.0,0.0031531453132629,0.7861244082450867,1.0,0.0043367743492126,2785,18.746505737304688,0.0698128417134285,0.0666596964001655,0.781787633895874,2782|2785|3038|2526|3041,CCGTCA|CCGTCG|CGGTCA|CTGTCA|CGGTCG,21.167803|18.746506|18.446974|18.094608|16.618435,0.786124|0.069813|0.051743|0.036376|0.008312,
5715,20.0,[568],1,masked,568,2782,CCGTCA,20.84496307373047,0.7672578692436218,False,True,0.0823234990239143,2.0,0.0156638026237487,0.7672578692436218,1.0,-0.0145297646522521,2785,18.612796783447266,0.0823234990239143,0.0666596964001655,0.781787633895874,2782|2785|2526|3038|2529,CCGTCA|CCGTCG|CTGTCA|CGGTCA|CTGTCG,20.844963|18.612797|18.390759|17.144865|16.922323,0.767258|0.082323|0.065932|0.018967|0.015183,
5715,20.0,[567],1,nearby,568,2782,CCGTCA,21.45609474182129,0.8323236703872681,False,True,0.0451757051050663,2.0,-0.0214839912950992,0.8323236703872681,1.0,0.050536036491394,2785,18.54243278503418,0.0451757051050663,0.0666596964001655,0.781787633895874,2782|2785|2526|3038|2783,CCGTCA|CCGTCG|CTGTCA|CGGTCA|CCGTCT,21.456095|18.542433|18.541302|18.254662|16.452545,0.832324|0.045176|0.045125|0.033879|0.005588,
5715,20.0,"[568, 567]",2,nearby,568,2782,CCGTCA,20.983102798461918,0.8123102188110352,False,True,0.0450063869357109,3.0,-0.0216533094644546,0.8123102188110352,1.0,0.0305225849151611,2785,18.09002494812012,0.0450063869357109,0.0666596964001655,0.781787633895874,2782|2526|2785|3038|2529,CCGTCA|CTGTCA|CCGTCG|CGGTCA|CTGTCG,20.983103|18.599470|18.090025|16.994120|16.492428,0.812310|0.074907|0.045006|0.015043|0.009108,
5715,20.0,[468],1,far,568,2782,CCGTCA,21.102792739868164,0.7749007344245911,False,True,0.079959750175476,2.0,0.0133000537753105,0.7749007344245911,1.0,-0.0068868994712829,2785,18.831581115722656,0.079959750175476,0.0666596964001655,0.781787633895874,2782|2785|3038|2526|3041,CCGTCA|CCGTCG|CGGTCA|CTGTCA|CGGTCG,21.102793|18.831581|18.379723|18.011940|16.699053,0.774901|0.079960|0.050890|0.035229|0.009478,
189,20.0,[568],1,masked,568,2782,CCGTCA,20.44334602355957,0.6441696882247925,False,True,0.1572610139846801,2.0,0.0906013175845146,0.6441696882247925,1.0,-0.1376179456710815,2785,19.03329086303711,0.1572610139846801,0.0666596964001655,0.781787633895874,2782|2785|3038|2526|2529,CCGTCA|CCGTCG|CGGTCA|CTGTCA|CTGTCG,20.443346|19.033291|17.909908|17.833513|17.137600,0.644170|0.157261|0.051138|0.047377|0.023623,
189,20.0,[567],1,nearby,568,2782,CCGTCA,20.496564865112305,0.663860559463501,False,True,0.0412308722734451,4.0,-0.0254288241267204,0.663860559463501,1.0,-0.117927074432373,2785,17.717679977416992,0.0412308722734451,0.0666596964001655,0.781787633895874,2782|3038|2526|2785|3041,CCGTCA|CGGTCA|CTGTCA|CCGTCG|CGGTCG,20.496565|18.869026|18.497330|17.717680|16.761765,0.663861|0.130390|0.089913|0.041231|0.015852,
189,20.0,"[568, 567]",2,nearby,568,2782,CCGTCA,19.33538246154785,0.4832715392112732,False,True,0.0893386304378509,4.0,0.0226789340376853,0.4832715392112732,1.0,-0.2985160946846008,2785,17.64723777770996,0.0893386304378509,0.0666596964001655,0.781787633895874,2782|3038|2526|2785|3041,CCGTCA|CGGTCA|CTGTCA|CCGTCG|CGGTCG,19.335382|18.188070|17.839062|17.647238|17.124561,0.483272|0.153433|0.108230|0.089339|0.052972,
189,20.0,[468],1,far,568,2782,CCGTCA,20.994552612304688,0.7685256600379944,False,True,0.0675171241164207,2.0,0.0008574277162551,0.7685256600379944,1.0,-0.0132619738578796,2785,18.56245994567871,0.0675171241164207,0.0666596964001655,0.781787633895874,2782|2785|3038|2526|3041,CCGTCA|CCGTCG|CGGTCA|CTGTCA|CGGTCG,20.994553|18.562460|18.396519|18.165121|16.590385,0.768526|0.067517|0.057193|0.045379|0.009396,
3619,20.0,[568],1,masked,568,2782,CCGTCA,20.92658042907715,0.7752867341041565,False,True,0.0739432126283645,2.0,0.007283516228199,0.7752867341041565,1.0,-0.0065008997917175,2785,18.576644897460938,0.0739432126283645,0.0666596964001655,0.781787633895874,2782|2785|2526|3038|2529,CCGTCA|CCGTCG|CTGTCA|CGGTCA|CTGTCG,20.926580|18.576645|18.195623|17.886898|16.539629,0.775287|0.073943|0.050515|0.037098|0.009643,
3619,20.0,[567],1,nearby,568,2782,CCGTCA,21.335004806518555,0.6960347890853882,False,True,0.2013473957777023,2.0,0.1346876993775367,0.6960347890853882,1.0,-0.0857528448104858,2785,20.094636917114254,0.2013473957777023,0.0666596964001655,0.781787633895874,2782|2785|3038|2526|3041,CCGTCA|CCGTCG|CGGTCA|CTGTCA|CGGTCG,21.335005|20.094637|18.042572|17.433937|17.278349,0.696035|0.201347|0.025867|0.014074|0.012046,
3619,20.0,"[568, 567]",2,nearby,568,2782,CCGTCA,21.22806167602539,0.7117912173271179,False,True,0.1858274638652801,2.0,0.1191677674651146,0.7117912173271179,1.0,-0.0699964165687561,2785,19.88509559631348,0.1858274638652801,0.0666596964001655,0.781787633895874,2782|2785|3038|2526|3041,CCGTCA|CCGTCG|CGGTCA|CTGTCA|CGGTCG,21.228062|19.885096|17.693607|17.515596|16.819584,0.711791|0.185827|0.020766|0.017380|0.008665,
3619,20.0,[468],1,far,568,2782,CCGTCA,21.111003875732425,0.7772371172904968,False,True,0.0781252607703208,2.0,0.0114655643701553,0.7772371172904968,1.0,-0.0045505166053771,2785,18.81357192993164,0.0781252607703208,0.0666596964001655,0.781787633895874,2782|2785|3038|2526|3041,CCGTCA|CCGTCG|CGGTCA|CTGTCA|CGGTCG,21.111004|18.813572|18.399137|18.007755|16.685749,0.777237|0.078125|0.051618|0.034900|0.009304,
5066,20.0,[568],1,masked,568,2782,CCGTCA,20.63292121887207,0.6212946772575378,False,True,0.2343036830425262,2.0,0.1676439866423607,0.6212946772575378,1.0,-0.1604929566383361,2785,19.657733917236328,0.2343036830425262,0.0666596964001655,0.781787633895874,2782|2785|2526|2529|2783,CCGTCA|CCGTCG|CTGTCA|CTGTCG|CCGTCT,20.632921|19.657734|17.611748|17.448465|17.262386,0.621295|0.234304|0.030284|0.025722|0.021355,
5066,20.0,[567],1,nearby,568,2782,CCGTCA,20.45358657836914,0.5760939121246338,False,True,0.2185555100440979,2.0,0.1518958136439323,0.5760939121246338,1.0,-0.2056937217712402,2785,19.484355926513672,0.2185555100440979,0.0666596964001655,0.781787633895874,2782|2785|3038|3041|2526,CCGTCA|CCGTCG|CGGTCA|CGGTCG|CTGTCA,20.453587|19.484356|18.267347|17.921328|17.226301,0.576094|0.218556|0.064717|0.045788|0.022851,
5066,20.0,"[568, 567]",2,nearby,568,2785,CCGTCG,20.144201278686523,0.477250337600708,True,False,0.477250337600708,1.0,0.4105906412005424,0.3441185057163238,2.0,-0.4376691281795501,2785,20.144201278686523,0.477250337600708,0.0666596964001655,0.781787633895874,2785|2782|2529|3041|2783,CCGTCG|CCGTCA|CTGTCG|CGGTCG|CCGTCT,20.144201|19.817146|17.660486|17.597044|17.111858,0.477250|0.344119|0.039818|0.037371|0.023005,
5066,20.0,[468],1,far,568,2782,CCGTCA,21.1486930847168,0.7830451726913452,False,True,0.0710689350962638,2.0,0.0044092386960983,0.7830451726913452,1.0,0.0012575387954711,2785,18.74915313720703,0.0710689350962638,0.0666596964001655,0.781787633895874,2782|2785|3038|2526|3041,CCGTCA|CCGTCG|CGGTCA|CTGTCA|CGGTCG,21.148693|18.749153|18.425262|18.112982|16.614952,0.783045|0.071069|0.051406|0.037618|0.008410,
954,20.0,[568],1,masked,568,2782,CCGTCA,20.591310501098636,0.6460949778556824,False,True,0.1709726452827453,2.0,0.1043129488825798,0.6460949778556824,1.0,-0.1356926560401916,2785,19.26186752319336,0.1709726452827453,0.0666596964001655,0.781787633895874,2782|2785|2526|2529|3038,CCGTCA|CCGTCG|CTGTCA|CTGTCG|CGGTCA,20.591311|19.261868|18.198685|17.579517|17.203249,0.646095|0.170973|0.059046|0.031790|0.021821,
954,20.0,[567],1,nearby,568,2782,CCGTCA,21.228126525878903,0.7579997181892395,False,True,0.1230866163969039,2.0,0.0564269199967384,0.7579997181892395,1.0,-0.0237879157066345,2785,19.41033172607422,0.1230866163969039,0.0666596964001655,0.781787633895874,2782|2785|3038|2526|2529,CCGTCA|CCGTCG|CGGTCA|CTGTCA|CTGTCG,21.228127|19.410332|17.988041|17.945856|16.896839,0.758000|0.123087|0.029684|0.028458|0.009968,
954,20.0,"[568, 567]",2,nearby,568,2782,CCGTCA,20.660873413085938,0.573223888874054,False,True,0.2694641947746277,2.0,0.2028044983744621,0.573223888874054,1.0,-0.20856374502182,2785,19.90603256225586,0.2694641947746277,0.0666596964001655,0.781787633895874,2782|2785|2526|2529|2783,CCGTCA|CCGTCG|CTGTCA|CTGTCG|CCGTCT,20.660873|19.906033|17.962139|17.911779|16.989786,0.573224|0.269464|0.038573|0.036678|0.014588,
954,20.0,[468],1,far,568,2782,CCGTCA,21.127731323242188,0.783736526966095,False,True,0.0670867785811424,2.0,0.0004270821809768,0.783736526966095,1.0,0.0019488930702209,2785,18.66964530944824,0.0670867785811424,0.0666596964001655,0.781787633895874,2782|2785|3038|2526|2529,CCGTCA|CCGTCG|CGGTCA|CTGTCA|CTGTCG,21.127731|18.669645|18.366848|18.215559|16.510937,0.783737|0.067087|0.049560|0.042602|0.007747,
5971,20.0,[568],1,masked,568,2782,CCGTCA,20.7108211517334,0.7262085676193237,False,True,0.0514735803008079,3.0,-0.0151861160993576,0.7262085676193237,1.0,-0.0555790662765502,2785,18.06405258178711,0.0514735803008079,0.0666596964001655,0.781787633895874,2782|2526|2785|3038|2529,CCGTCA|CTGTCA|CCGTCG|CGGTCA|CTGTCG,20.710821|18.691505|18.064053|18.005989|17.062960,0.726209|0.096401|0.051474|0.048570|0.018915,
5971,20.0,[567],1,nearby,568,2782,CCGTCA,21.569536209106445,0.8041573762893677,False,True,0.0994874313473701,2.0,0.0328277349472045,0.8041573762893677,1.0,0.0223697423934936,2785,19.479772567749023,0.0994874313473701,0.0666596964001655,0.781787633895874,2782|2785|3038|2526|3041,CCGTCA|CCGTCG|CGGTCA|CTGTCA|CGGTCG,21.569536|19.479773|18.198849|17.922194|16.723171,0.804157|0.099487|0.027636|0.020957|0.006318,
5971,20.0,"[568, 567]",2,nearby,568,2782,CCGTCA,21.10224914550781,0.7680580615997314,False,True,0.0958185046911239,2.0,0.0291588082909584,0.7680580615997314,1.0,-0.0137295722961425,2785,19.02083969116211,0.0958185046911239,0.0666596964001655,0.781787633895874,2782|2785|2526|3038|2529,CCGTCA|CCGTCG|CTGTCA|CGGTCA|CTGTCG,21.102249|19.020840|18.128954|17.850796|16.996845,0.768058|0.095819|0.039274|0.029738|0.012660,
5971,20.0,[468],1,far,568,2782,CCGTCA,21.117895126342773,0.7780528664588928,False,True,0.0747214630246162,2.0,0.0080617666244506,0.7780528664588928,1.0,-0.0037347674369812,2785,18.77486801147461,0.0747214630246162,0.0666596964001655,0.781787633895874,2782|2785|3038|2526|3041,CCGTCA|CCGTCG|CGGTCA|CTGTCA|CGGTCG,21.117895|18.774868|18.399424|18.097635|16.645117,0.778053|0.074721|0.051332|0.037960|0.008882,
7319,20.0,[568],1,masked,568,2782,CCGTCA,20.60805892944336,0.7005282640457153,False,True,0.1170501485466957,2.0,0.0503904521465301,0.7005282640457153,1.0,-0.0812593698501586,2785,18.81882667541504,0.1170501485466957,0.0666596964001655,0.781787633895874,2782|2785|2526|3038|2529,CCGTCA|CCGTCG|CTGTCA|CGGTCA|CTGTCG,20.608059|18.818827|18.199947|17.537840|17.398518,0.700528|0.117050|0.063037|0.032512|0.028284,
7319,20.0,[567],1,nearby,568,2782,CCGTCA,20.920259475708008,0.724407434463501,False,True,0.1142104715108871,2.0,0.0475507751107215,0.724407434463501,1.0,-0.057380199432373,2785,19.072948455810547,0.1142104715108871,0.0666596964001655,0.781787633895874,2782|2785|2526|3038|2529,CCGTCA|CCGTCG|CTGTCA|CGGTCA|CTGTCG,20.920259|19.072948|18.409878|17.684080|17.365448,0.724407|0.114210|0.058849|0.028479|0.020708,
7319,20.0,"[568, 567]",2,nearby,568,2782,CCGTCA,20.166723251342773,0.5418025255203247,False,True,0.2005214095115661,2.0,0.1338617131114006,0.5418025255203247,1.0,-0.2399851083755493,2785,19.17274284362793,0.2005214095115661,0.0666596964001655,0.781787633895874,2782|2785|2529|2526|3038,CCGTCA|CCGTCG|CTGTCG|CTGTCA|CGGTCA,20.166723|19.172743|18.331184|18.315340|16.819523,0.541803|0.200521|0.086432|0.085074|0.019062,
7319,20.0,[468],1,far,568,2782,CCGTCA,21.173662185668945,0.7877464294433594,False,True,0.0681541115045547,2.0,0.0014944151043891,0.7877464294433594,1.0,0.0059587955474853,2785,18.72625732421875,0.0681541115045547,0.0666596964001655,0.781787633895874,2782|2785|3038|2526|3041,CCGTCA|CCGTCG|CGGTCA|CTGTCA|CGGTCG,21.173662|18.726257|18.449835|18.111597|16.598568,0.787746|0.068154|0.051694|0.036859|0.008118,
6437,20.0,[568],1,masked,568,2782,CCGTCA,20.29960250854492,0.6390630602836609,False,True,0.1470513790845871,2.0,0.0803916826844215,0.6390630602836609,1.0,-0.1427245736122131,2785,18.830381393432617,0.1470513790845871,0.0666596964001655,0.781787633895874,2782|2785|2526|3038|2529,CCGTCA|CCGTCG|CTGTCA|CGGTCA|CTGTCG,20.299603|18.830381|17.954956|17.502508|17.361546,0.639063|0.147051|0.061274|0.038975|0.033850,
6437,20.0,[567],1,nearby,568,2782,CCGTCA,20.79227638244629,0.6331573128700256,False,True,0.2067900747060775,2.0,0.140130378305912,0.6331573128700256,1.0,-0.1486303210258484,2785,19.67326164245605,0.2067900747060775,0.0666596964001655,0.781787633895874,2782|2785|3038|2526|2529,CCGTCA|CCGTCG|CGGTCA|CTGTCA|CTGTCG,20.792276|19.673262|17.896994|17.851467|17.430826,0.633157|0.206790|0.035003|0.033445|0.021961,
6437,20.0,"[568, 567]",2,nearby,568,2782,CCGTCA,19.832927703857425,0.4043924212455749,False,True,0.3436737060546875,2.0,0.2770140096545219,0.4043924212455749,1.0,-0.3773952126502991,2785,19.67023468017578,0.3436737060546875,0.0666596964001655,0.781787633895874,2782|2785|2529|2526|3041,CCGTCA|CCGTCG|CTGTCG|CTGTCA|CGGTCG,19.832928|19.670235|18.178310|17.529720|17.467955,0.404392|0.343674|0.077306|0.040414|0.037993,
6437,20.0,[468],1,far,568,2782,CCGTCA,21.152780532836918,0.7838191986083984,False,True,0.0745959058403968,2.0,0.0079362094402313,0.7838191986083984,1.0,0.0020315647125244,2785,18.800687789916992,0.0745959058403968,0.0666596964001655,0.781787633895874,2782|2785|3038|2526|3041,CCGTCA|CCGTCG|CGGTCA|CTGTCA|CGGTCG,21.152781|18.800688|18.346752|18.103254|16.593016,0.783819|0.074596|0.047378|0.037138|0.008202,
681,20.0,[568],1,masked,568,2782,CCGTCA,20.823963165283203,0.7902078628540039,False,True,0.0109471715986728,4.0,-0.0557125248014926,0.7902078628540039,1.0,0.0084202289581298,2785,16.544748306274414,0.0109471715986728,0.0666596964001655,0.781787633895874,2782|2526|3038|2785|2798,CCGTCA|CTGTCA|CGGTCA|CCGTCG|CCGCCA,20.823963|18.577122|18.296835|16.544748|16.324919,0.790208|0.083551|0.063128|0.010947|0.008787,
681,20.0,[567],1,nearby,568,2782,CCGTCA,21.67172241210937,0.8765300512313843,False,True,0.0389883853495121,2.0,-0.0276713110506534,0.8765300512313843,1.0,0.0947424173355102,2785,18.55901527404785,0.0389883853495121,0.0666596964001655,0.781787633895874,2782|2785|2526|3038|2783,CCGTCA|CCGTCG|CTGTCA|CGGTCA|CCGTCT,21.671722|18.559015|18.420340|17.462326|16.375759,0.876530|0.038988|0.033940|0.013021|0.004393,
681,20.0,"[568, 567]",2,nearby,568,2782,CCGTCA,21.11338424682617,0.8380996584892273,False,True,0.0079453038051724,5.0,-0.0587143925949931,0.8380996584892273,1.0,0.0563120245933532,2785,16.4548282623291,0.0079453038051724,0.0666596964001655,0.781787633895874,2782|2526|3038|2798|2785,CCGTCA|CTGTCA|CGGTCA|CCGCCA|CCGTCG,21.113384|18.847666|17.342392|17.017822|16.454828,0.838100|0.086957|0.019301|0.013951|0.007945,
681,20.0,[468],1,far,568,2782,CCGTCA,21.16615104675293,0.796950101852417,False,True,0.0677291899919509,2.0,0.0010694935917854,0.796950101852417,1.0,0.0151624679565429,2785,18.700876235961918,0.0677291899919509,0.0666596964001655,0.781787633895874,2782|2785|3038|2526|3041,CCGTCA|CCGTCG|CGGTCA|CTGTCA|CGGTCG,21.166151|18.700876|18.383348|17.976442|16.499973,0.796950|0.067729|0.049303|0.032821|0.007498,
5784,20.0,[568],1,masked,568,2782,CCGTCA,21.058107376098636,0.8090882301330566,False,True,0.0250914916396141,4.0,-0.0415682047605514,0.8090882301330566,1.0,0.0273005962371826,2785,17.584728240966797,0.0250914916396141,0.0666596964001655,0.781787633895874,2782|3038|2526|2785|2798,CCGTCA|CGGTCA|CTGTCA|CCGTCG|CCGCCA,21.058107|18.822636|17.734270|17.584728|16.042606,0.809088|0.086525|0.029139|0.025091|0.005368,
5784,20.0,[567],1,nearby,568,2782,CCGTCA,20.933942794799805,0.7485796809196472,False,True,0.057554192841053,3.0,-0.0091055035591125,0.7485796809196472,1.0,-0.0332079529762268,2785,18.368492126464844,0.057554192841053,0.0666596964001655,0.781787633895874,2782|3038|2785|2526|3041,CCGTCA|CGGTCA|CCGTCG|CTGTCA|CGGTCG,20.933943|18.757946|18.368492|18.185616|16.763918,0.748580|0.084960|0.057554|0.047935|0.011567,
5784,20.0,"[568, 567]",2,nearby,568,2782,CCGTCA,20.77890968322754,0.7115746140480042,False,True,0.0192002598196268,4.0,-0.0474594365805387,0.7115746140480042,1.0,-0.0702130198478698,2785,17.166353225708008,0.0192002598196268,0.0666596964001655,0.781787633895874,2782|3038|2526|2785|3041,CCGTCA|CGGTCA|CTGTCA|CCGTCG|CGGTCG,20.778910|19.428089|17.594849|17.166353|16.367266,0.711575|0.184317|0.029471|0.019200|0.008635,
5784,20.0,[468],1,far,568,2782,CCGTCA,21.146434783935547,0.7795045375823975,False,True,0.0809769555926323,2.0,0.0143172591924667,0.7795045375823975,1.0,-0.0022830963134765,2785,18.881940841674805,0.0809769555926323,0.0666596964001655,0.781787633895874,2782|2785|3038|2526|3041,CCGTCA|CCGTCG|CGGTCA|CTGTCA|CGGTCG,21.146435|18.881941|18.363415|18.010435|16.683552,0.779505|0.080977|0.048213|0.033874|0.008987,
3258,20.0,[568],1,masked,568,2782,CCGTCA,20.4372615814209,0.6968061923980713,False,True,0.0628905519843101,3.0,-0.0037691444158554,0.6968061923980713,1.0,-0.0849814414978027,2785,18.032150268554688,0.0628905519843101,0.0666596964001655,0.781787633895874,2782|2526|2785|3038|2529,CCGTCA|CTGTCA|CCGTCG|CGGTCA|CTGTCG,20.437262|18.508049|18.032150|17.972168|16.712952,0.696806|0.101220|0.062891|0.059229|0.016814,
3258,20.0,[567],1,nearby,568,2782,CCGTCA,20.967792510986328,0.7433968782424927,False,True,0.0902443304657936,2.0,0.023584634065628,0.7433968782424927,1.0,-0.0383907556533813,2785,18.85908317565918,0.0902443304657936,0.0666596964001655,0.781787633895874,2782|2785|3038|2526|3041,CCGTCA|CCGTCG|CGGTCA|CTGTCA|CGGTCG,20.967793|18.859083|18.507654|17.862446|17.087929,0.743397|0.090244|0.063503|0.033311|0.015354,
3258,20.0,"[568, 567]",2,nearby,568,2782,CCGTCA,20.402660369873047,0.6916010975837708,False,True,0.0785122662782669,2.0,0.0118525698781013,0.6916010975837708,1.0,-0.0901865363121032,2785,18.226905822753903,0.0785122662782669,0.0666596964001655,0.781787633895874,2782|2785|2526|3038|3041,CCGTCA|CCGTCG|CTGTCA|CGGTCA|CGGTCG,20.402660|18.226906|18.166290|18.071941|16.770697,0.691601|0.078512|0.073895|0.067241|0.018303,
3258,20.0,[468],1,far,568,2782,CCGTCA,21.17721366882324,0.7863672375679016,False,True,0.0699227750301361,2.0,0.0032630786299705,0.7863672375679016,1.0,0.0045796036720275,2785,18.75718116760254,0.0699227750301361,0.0666596964001655,0.781787633895874,2782|2785|3038|2526|3041,CCGTCA|CCGTCG|CGGTCA|CTGTCA|CGGTCG,21.177214|18.757181|18.458635|18.093447|16.635181,0.786367|0.069923|0.051875|0.036005|0.008376,
1540,20.0,[568],1,masked,568,2782,CCGTCA,20.899995803833008,0.8386849164962769,False,True,0.0243606939911842,4.0,-0.0422990024089813,0.8386849164962769,1.0,0.0568972826004028,2785,17.36113166809082,0.0243606939911842,0.0666596964001655,0.781787633895874,2782|2526|3038|2785|2270,CCGTCA|CTGTCA|CGGTCA|CCGTCG|CAGTCA,20.899996|18.055290|17.781519|17.361132|16.079018,0.838685|0.048771|0.037090|0.024361|0.006759,
1540,20.0,[567],1,nearby,568,2782,CCGTCA,21.27140998840332,0.8579497337341309,False,True,0.0318417884409427,3.0,-0.0348179079592227,0.8579497337341309,1.0,0.0761620998382568,2785,17.977643966674805,0.0318417884409427,0.0666596964001655,0.781787633895874,2782|3038|2785|2526|2270,CCGTCA|CGGTCA|CCGTCG|CTGTCA|CAGTCA,21.271410|18.157520|17.977644|17.934134|16.196499,0.857950|0.038117|0.031842|0.030486|0.005364,
1540,20.0,"[568, 567]",2,nearby,568,2782,CCGTCA,20.84532165527344,0.8661225438117981,False,True,0.0159298684448003,4.0,-0.0507298279553651,0.8661225438117981,1.0,0.084334909915924,2785,16.849491119384766,0.0159298684448003,0.0666596964001655,0.781787633895874,2782|2526|3038|2785|2270,CCGTCA|CTGTCA|CGGTCA|CCGTCG|CAGTCA,20.845322|17.764496|17.477863|16.849491|16.245966,0.866123|0.039773|0.029861|0.015930|0.008712,
1540,20.0,[468],1,far,568,2782,CCGTCA,21.11997604370117,0.7754635810852051,False,True,0.0747053995728492,2.0,0.0080457031726837,0.7754635810852051,1.0,-0.0063240528106689,2785,18.780067443847656,0.0747053995728492,0.0666596964001655,0.781787633895874,2782|2785|3038|2526|3041,CCGTCA|CCGTCG|CGGTCA|CTGTCA|CGGTCG,21.119976|18.780067|18.469698|18.068409|16.725283,0.775464|0.074705|0.054772|0.036668|0.009571,
7746,20.0,[568],1,masked,568,2782,CCGTCA,21.024816513061523,0.7643497586250305,False,True,0.0794617161154747,2.0,0.0128020197153091,0.7643497586250305,1.0,-0.0174378752708435,2785,18.761066436767575,0.0794617161154747,0.0666596964001655,0.781787633895874,2782|2785|2526|3038|2529,CCGTCA|CCGTCG|CTGTCA|CGGTCA|CTGTCG,21.024817|18.761066|18.336580|18.026659|16.812946,0.764350|0.079462|0.051976|0.038125|0.011327,
7746,20.0,[567],1,nearby,568,2782,CCGTCA,20.987323760986328,0.7528243660926819,False,True,0.0568128041923046,4.0,-0.0098468922078609,0.7528243660926819,1.0,-0.0289632678031921,2785,18.40325355529785,0.0568128041923046,0.0666596964001655,0.781787633895874,2782|2526|3038|2785|2529,CCGTCA|CTGTCA|CGGTCA|CCGTCG|CTGTCG,20.987324|18.524168|18.481026|18.403254|16.745943,0.752824|0.064115|0.061408|0.056813|0.010831,
7746,20.0,"[568, 567]",2,nearby,568,2782,CCGTCA,20.867197036743164,0.7516617774963379,False,True,0.060009803622961,3.0,-0.0066498927772045,0.7516617774963379,1.0,-0.0301258563995361,2785,18.339418411254883,0.060009803622961,0.0666596964001655,0.781787633895874,2782|2526|2785|3038|2529,CCGTCA|CTGTCA|CCGTCG|CGGTCA|CTGTCG,20.867197|18.521053|18.339418|18.054939|16.786448,0.751662|0.071962|0.060010|0.045152|0.012699,
7746,20.0,[468],1,far,568,2782,CCGTCA,21.2078914642334,0.7896511554718018,False,True,0.0726571530103683,2.0,0.0059974566102027,0.7896511554718018,1.0,0.0078635215759277,2785,18.822052001953125,0.0726571530103683,0.0666596964001655,0.781787633895874,2782|2785|3038|2526|3041,CCGTCA|CCGTCG|CGGTCA|CTGTCA|CGGTCG,21.207891|18.822052|18.434504|18.046864|16.643995,0.789651|0.072657|0.049314|0.033467|0.008229,
4170,20.0,[568],1,masked,568,2782,CCGTCA,19.916717529296875,0.5986167192459106,False,True,0.1673161536455154,2.0,0.1006564572453498,0.5986167192459106,1.0,-0.1831709146499633,2785,18.64198112487793,0.1673161536455154,0.0666596964001655,0.781787633895874,2782|2785|2526|2529|3038,CCGTCA|CCGTCG|CTGTCA|CTGTCG|CGGTCA,19.916718|18.641981|17.794458|17.136528|17.107361,0.598617|0.167316|0.071691|0.037130|0.036063,
4170,20.0,[567],1,nearby,568,2782,CCGTCA,21.06623077392578,0.7412648797035217,False,True,0.1321010887622833,2.0,0.0654413923621177,0.7412648797035217,1.0,-0.0405227541923522,2785,19.341440200805664,0.1321010887622833,0.0666596964001655,0.781787633895874,2782|2785|3038|2526|3041,CCGTCA|CCGTCG|CGGTCA|CTGTCA|CGGTCG,21.066231|19.341440|18.082140|17.691568|16.871416,0.741265|0.132101|0.037497|0.025373|0.011173,
4170,20.0,"[568, 567]",2,nearby,568,2782,CCGTCA,20.00765991210937,0.5499042868614197,False,True,0.2745882868766784,2.0,0.2079285904765129,0.5499042868614197,1.0,-0.2318833470344543,2785,19.313188552856445,0.2745882868766784,0.0666596964001655,0.781787633895874,2782|2785|2526|2529|3038,CCGTCA|CCGTCG|CTGTCA|CTGTCG|CGGTCA,20.007660|19.313189|17.170912|17.057098|16.896307,0.549904|0.274588|0.032233|0.028766|0.024493,
4170,20.0,[468],1,far,568,2782,CCGTCA,21.07703971862793,0.7742727398872375,False,True,0.0741689056158065,2.0,0.007509209215641,0.7742727398872375,1.0,-0.0075148940086364,2785,18.731460571289062,0.0741689056158065,0.0666596964001655,0.781787633895874,2782|2785|3038|2526|3041,CCGTCA|CCGTCG|CGGTCA|CTGTCA|CGGTCG,21.077040|18.731461|18.420969|18.050098|16.656538,0.774273|0.074169|0.054372|0.037524|0.009313,
1609,20.0,[568],1,masked,568,2782,CCGTCA,21.31947326660156,0.8191363215446472,False,True,0.0236916225403547,4.0,-0.0429680738598108,0.8191363215446472,1.0,0.0373486876487731,2785,17.776344299316406,0.0236916225403547,0.0666596964001655,0.781787633895874,2782|3038|2526|2785|2270,CCGTCA|CGGTCA|CTGTCA|CCGTCG|CAGTCA,21.319473|18.670681|18.639561|17.776344|16.034882,0.819136|0.057943|0.056167|0.023692|0.004152,
1609,20.0,[567],1,nearby,568,2782,CCGTCA,21.29515838623047,0.8136959671974182,False,True,0.0423445254564285,3.0,-0.024315170943737,0.8136959671974182,1.0,0.0319083333015441,2785,18.33941078186035,0.0423445254564285,0.0666596964001655,0.781787633895874,2782|2526|2785|3038|2529,CCGTCA|CTGTCA|CCGTCG|CGGTCA|CTGTCG,21.295158|18.559706|18.339411|18.335571|16.396664,0.813696|0.052780|0.042345|0.042182|0.006068,
1609,20.0,"[568, 567]",2,nearby,568,2782,CCGTCA,21.728025436401367,0.8815325498580933,False,True,0.0146822277456521,4.0,-0.0519774686545133,0.8815325498580933,1.0,0.0997449159622192,2785,17.63300132751465,0.0146822277456521,0.0666596964001655,0.781787633895874,2782|2526|3038|2785|2798,CCGTCA|CTGTCA|CGGTCA|CCGTCG|CCGCCA,21.728025|18.736526|18.115210|17.633001|16.865139,0.881533|0.044264|0.023780|0.014682|0.006813,
1609,20.0,[468],1,far,568,2782,CCGTCA,21.13877487182617,0.7798113226890564,False,True,0.0753955468535423,2.0,0.0087358504533767,0.7798113226890564,1.0,-0.0019763112068176,2785,18.802471160888672,0.0753955468535423,0.0666596964001655,0.781787633895874,2782|2785|3038|2526|3041,CCGTCA|CCGTCG|CGGTCA|CTGTCA|CGGTCG,21.138775|18.802471|18.430555|18.055367|16.684282,0.779811|0.075396|0.051979|0.035718|0.009066,
